Source,Target,Type,id,label,timeset,weight
0,3,Undirected,0,,,1.0
0,2,Undirected,0,,,1.0
0,117,Undirected,0,,,1.0
0,97,Undirected,0,,,1.0
0,4,Undirected,0,,,1.0
0,31,Undirected,0,,,1.0
0,1,Undirected,0,,,1.0
0,114,Undirected,0,,,1.0
0,82,Undirected,0,,,1.0
0,52,Undirected,0,,,1.0
1,2,Undirected,0,,,1.0
1,11,Undirected,0,,,1.0
1,0,Undirected,0,,,1.0
1,3,Undirected,0,,,1.0
1,4,Undirected,0,,,1.0
1,23,Undirected,0,,,1.0
1,97,Undirected,0,,,1.0
1,117,Undirected,0,,,1.0
1,7,Undirected,0,,,1.0
1,13,Undirected,0,,,1.0
2,0,Undirected,0,,,1.0
2,3,Undirected,0,,,1.0
2,1,Undirected,0,,,1.0
2,97,Undirected,0,,,1.0
2,117,Undirected,0,,,1.0
2,11,Undirected,0,,,1.0
2,4,Undirected,0,,,1.0
2,31,Undirected,0,,,1.0
2,23,Undirected,0,,,1.0
2,7,Undirected,0,,,1.0
3,0,Undirected,0,,,1.0
3,2,Undirected,0,,,1.0
3,117,Undirected,0,,,1.0
3,97,Undirected,0,,,1.0
3,4,Undirected,0,,,1.0
3,31,Undirected,0,,,1.0
3,1,Undirected,0,,,1.0
3,114,Undirected,0,,,1.0
3,82,Undirected,0,,,1.0
3,52,Undirected,0,,,1.0
4,3,Undirected,0,,,1.0
4,0,Undirected,0,,,1.0
4,2,Undirected,0,,,1.0
4,16,Undirected,0,,,1.0
4,97,Undirected,0,,,1.0
4,9,Undirected,0,,,1.0
4,1,Undirected,0,,,1.0
4,117,Undirected,0,,,1.0
4,14,Undirected,0,,,1.0
4,11,Undirected,0,,,1.0
5,102,Undirected,0,,,1.0
5,10,Undirected,0,,,1.0
5,40,Undirected,0,,,1.0
5,88,Undirected,0,,,1.0
5,78,Undirected,0,,,1.0
5,7,Undirected,0,,,1.0
5,12,Undirected,0,,,1.0
5,9,Undirected,0,,,1.0
5,77,Undirected,0,,,1.0
5,107,Undirected,0,,,1.0
6,17,Undirected,0,,,1.0
6,15,Undirected,0,,,1.0
6,80,Undirected,0,,,1.0
6,20,Undirected,0,,,1.0
6,42,Undirected,0,,,1.0
6,52,Undirected,0,,,1.0
6,25,Undirected,0,,,1.0
6,97,Undirected,0,,,1.0
6,96,Undirected,0,,,1.0
6,12,Undirected,0,,,1.0
7,10,Undirected,0,,,1.0
7,12,Undirected,0,,,1.0
7,9,Undirected,0,,,1.0
7,14,Undirected,0,,,1.0
7,6,Undirected,0,,,1.0
7,16,Undirected,0,,,1.0
7,2,Undirected,0,,,1.0
7,3,Undirected,0,,,1.0
7,0,Undirected,0,,,1.0
7,73,Undirected,0,,,1.0
8,9,Undirected,0,,,1.0
8,11,Undirected,0,,,1.0
8,22,Undirected,0,,,1.0
8,7,Undirected,0,,,1.0
8,1,Undirected,0,,,1.0
8,14,Undirected,0,,,1.0
8,2,Undirected,0,,,1.0
8,13,Undirected,0,,,1.0
8,38,Undirected,0,,,1.0
8,104,Undirected,0,,,1.0
9,14,Undirected,0,,,1.0
9,8,Undirected,0,,,1.0
9,7,Undirected,0,,,1.0
9,12,Undirected,0,,,1.0
9,4,Undirected,0,,,1.0
9,16,Undirected,0,,,1.0
9,2,Undirected,0,,,1.0
9,11,Undirected,0,,,1.0
9,23,Undirected,0,,,1.0
9,17,Undirected,0,,,1.0
10,12,Undirected,0,,,1.0
10,7,Undirected,0,,,1.0
10,9,Undirected,0,,,1.0
10,14,Undirected,0,,,1.0
10,6,Undirected,0,,,1.0
10,5,Undirected,0,,,1.0
10,63,Undirected,0,,,1.0
10,17,Undirected,0,,,1.0
10,16,Undirected,0,,,1.0
10,73,Undirected,0,,,1.0
11,1,Undirected,0,,,1.0
11,2,Undirected,0,,,1.0
11,23,Undirected,0,,,1.0
11,0,Undirected,0,,,1.0
11,3,Undirected,0,,,1.0
11,4,Undirected,0,,,1.0
11,97,Undirected,0,,,1.0
11,9,Undirected,0,,,1.0
11,13,Undirected,0,,,1.0
11,7,Undirected,0,,,1.0
12,10,Undirected,0,,,1.0
12,7,Undirected,0,,,1.0
12,6,Undirected,0,,,1.0
12,17,Undirected,0,,,1.0
12,9,Undirected,0,,,1.0
12,16,Undirected,0,,,1.0
12,14,Undirected,0,,,1.0
12,97,Undirected,0,,,1.0
12,45,Undirected,0,,,1.0
12,68,Undirected,0,,,1.0
13,11,Undirected,0,,,1.0
13,9,Undirected,0,,,1.0
13,23,Undirected,0,,,1.0
13,1,Undirected,0,,,1.0
13,7,Undirected,0,,,1.0
13,2,Undirected,0,,,1.0
13,8,Undirected,0,,,1.0
13,14,Undirected,0,,,1.0
13,0,Undirected,0,,,1.0
13,12,Undirected,0,,,1.0
14,9,Undirected,0,,,1.0
14,7,Undirected,0,,,1.0
14,4,Undirected,0,,,1.0
14,12,Undirected,0,,,1.0
14,16,Undirected,0,,,1.0
14,2,Undirected,0,,,1.0
14,11,Undirected,0,,,1.0
14,23,Undirected,0,,,1.0
14,3,Undirected,0,,,1.0
14,97,Undirected,0,,,1.0
15,6,Undirected,0,,,1.0
15,52,Undirected,0,,,1.0
15,25,Undirected,0,,,1.0
15,20,Undirected,0,,,1.0
15,17,Undirected,0,,,1.0
15,97,Undirected,0,,,1.0
15,96,Undirected,0,,,1.0
15,117,Undirected,0,,,1.0
15,31,Undirected,0,,,1.0
15,3,Undirected,0,,,1.0
16,4,Undirected,0,,,1.0
16,7,Undirected,0,,,1.0
16,12,Undirected,0,,,1.0
16,14,Undirected,0,,,1.0
16,0,Undirected,0,,,1.0
16,3,Undirected,0,,,1.0
16,9,Undirected,0,,,1.0
16,97,Undirected,0,,,1.0
16,2,Undirected,0,,,1.0
16,11,Undirected,0,,,1.0
17,6,Undirected,0,,,1.0
17,108,Undirected,0,,,1.0
17,25,Undirected,0,,,1.0
17,20,Undirected,0,,,1.0
17,52,Undirected,0,,,1.0
17,98,Undirected,0,,,1.0
17,15,Undirected,0,,,1.0
17,79,Undirected,0,,,1.0
17,97,Undirected,0,,,1.0
17,12,Undirected,0,,,1.0
18,67,Undirected,0,,,1.0
18,46,Undirected,0,,,1.0
18,93,Undirected,0,,,1.0
18,57,Undirected,0,,,1.0
18,21,Undirected,0,,,1.0
18,80,Undirected,0,,,1.0
18,56,Undirected,0,,,1.0
18,94,Undirected,0,,,1.0
18,43,Undirected,0,,,1.0
18,76,Undirected,0,,,1.0
19,32,Undirected,0,,,1.0
19,41,Undirected,0,,,1.0
19,66,Undirected,0,,,1.0
19,104,Undirected,0,,,1.0
19,60,Undirected,0,,,1.0
19,85,Undirected,0,,,1.0
19,38,Undirected,0,,,1.0
19,53,Undirected,0,,,1.0
19,78,Undirected,0,,,1.0
19,48,Undirected,0,,,1.0
20,96,Undirected,0,,,1.0
20,25,Undirected,0,,,1.0
20,52,Undirected,0,,,1.0
20,55,Undirected,0,,,1.0
20,79,Undirected,0,,,1.0
20,50,Undirected,0,,,1.0
20,49,Undirected,0,,,1.0
20,51,Undirected,0,,,1.0
20,97,Undirected,0,,,1.0
20,117,Undirected,0,,,1.0
21,18,Undirected,0,,,1.0
21,67,Undirected,0,,,1.0
21,46,Undirected,0,,,1.0
21,68,Undirected,0,,,1.0
21,80,Undirected,0,,,1.0
21,62,Undirected,0,,,1.0
21,94,Undirected,0,,,1.0
21,87,Undirected,0,,,1.0
21,56,Undirected,0,,,1.0
21,93,Undirected,0,,,1.0
22,28,Undirected,0,,,1.0
22,104,Undirected,0,,,1.0
22,90,Undirected,0,,,1.0
22,78,Undirected,0,,,1.0
22,89,Undirected,0,,,1.0
22,38,Undirected,0,,,1.0
22,54,Undirected,0,,,1.0
22,64,Undirected,0,,,1.0
22,41,Undirected,0,,,1.0
22,19,Undirected,0,,,1.0
23,11,Undirected,0,,,1.0
23,2,Undirected,0,,,1.0
23,0,Undirected,0,,,1.0
23,3,Undirected,0,,,1.0
23,1,Undirected,0,,,1.0
23,97,Undirected,0,,,1.0
23,9,Undirected,0,,,1.0
23,110,Undirected,0,,,1.0
23,4,Undirected,0,,,1.0
23,14,Undirected,0,,,1.0
24,51,Undirected,0,,,1.0
24,68,Undirected,0,,,1.0
24,56,Undirected,0,,,1.0
24,43,Undirected,0,,,1.0
24,96,Undirected,0,,,1.0
24,55,Undirected,0,,,1.0
24,49,Undirected,0,,,1.0
24,45,Undirected,0,,,1.0
24,42,Undirected,0,,,1.0
24,109,Undirected,0,,,1.0
25,20,Undirected,0,,,1.0
25,51,Undirected,0,,,1.0
25,52,Undirected,0,,,1.0
25,96,Undirected,0,,,1.0
25,109,Undirected,0,,,1.0
25,97,Undirected,0,,,1.0
25,99,Undirected,0,,,1.0
25,45,Undirected,0,,,1.0
25,55,Undirected,0,,,1.0
25,17,Undirected,0,,,1.0
26,64,Undirected,0,,,1.0
26,48,Undirected,0,,,1.0
26,61,Undirected,0,,,1.0
26,104,Undirected,0,,,1.0
26,66,Undirected,0,,,1.0
26,39,Undirected,0,,,1.0
26,60,Undirected,0,,,1.0
26,30,Undirected,0,,,1.0
26,95,Undirected,0,,,1.0
26,38,Undirected,0,,,1.0
27,90,Undirected,0,,,1.0
27,78,Undirected,0,,,1.0
27,22,Undirected,0,,,1.0
27,39,Undirected,0,,,1.0
27,102,Undirected,0,,,1.0
27,57,Undirected,0,,,1.0
27,53,Undirected,0,,,1.0
27,100,Undirected,0,,,1.0
27,77,Undirected,0,,,1.0
27,38,Undirected,0,,,1.0
28,22,Undirected,0,,,1.0
28,36,Undirected,0,,,1.0
28,48,Undirected,0,,,1.0
28,89,Undirected,0,,,1.0
28,41,Undirected,0,,,1.0
28,19,Undirected,0,,,1.0
28,62,Undirected,0,,,1.0
28,39,Undirected,0,,,1.0
28,26,Undirected,0,,,1.0
28,104,Undirected,0,,,1.0
29,110,Undirected,0,,,1.0
29,35,Undirected,0,,,1.0
29,59,Undirected,0,,,1.0
29,23,Undirected,0,,,1.0
29,22,Undirected,0,,,1.0
29,2,Undirected,0,,,1.0
29,11,Undirected,0,,,1.0
29,7,Undirected,0,,,1.0
29,73,Undirected,0,,,1.0
29,111,Undirected,0,,,1.0
30,95,Undirected,0,,,1.0
30,26,Undirected,0,,,1.0
30,64,Undirected,0,,,1.0
30,62,Undirected,0,,,1.0
30,39,Undirected,0,,,1.0
30,90,Undirected,0,,,1.0
30,61,Undirected,0,,,1.0
30,104,Undirected,0,,,1.0
30,60,Undirected,0,,,1.0
30,78,Undirected,0,,,1.0
31,97,Undirected,0,,,1.0
31,117,Undirected,0,,,1.0
31,52,Undirected,0,,,1.0
31,3,Undirected,0,,,1.0
31,0,Undirected,0,,,1.0
31,20,Undirected,0,,,1.0
31,44,Undirected,0,,,1.0
31,25,Undirected,0,,,1.0
31,15,Undirected,0,,,1.0
31,6,Undirected,0,,,1.0
32,19,Undirected,0,,,1.0
32,41,Undirected,0,,,1.0
32,66,Undirected,0,,,1.0
32,104,Undirected,0,,,1.0
32,48,Undirected,0,,,1.0
32,95,Undirected,0,,,1.0
32,60,Undirected,0,,,1.0
32,78,Undirected,0,,,1.0
32,36,Undirected,0,,,1.0
32,22,Undirected,0,,,1.0
33,47,Undirected,0,,,1.0
33,84,Undirected,0,,,1.0
33,49,Undirected,0,,,1.0
33,42,Undirected,0,,,1.0
33,51,Undirected,0,,,1.0
33,55,Undirected,0,,,1.0
33,56,Undirected,0,,,1.0
33,20,Undirected,0,,,1.0
33,25,Undirected,0,,,1.0
33,69,Undirected,0,,,1.0
34,61,Undirected,0,,,1.0
34,95,Undirected,0,,,1.0
34,62,Undirected,0,,,1.0
34,60,Undirected,0,,,1.0
34,57,Undirected,0,,,1.0
34,39,Undirected,0,,,1.0
34,66,Undirected,0,,,1.0
34,64,Undirected,0,,,1.0
34,41,Undirected,0,,,1.0
34,46,Undirected,0,,,1.0
35,110,Undirected,0,,,1.0
35,59,Undirected,0,,,1.0
35,29,Undirected,0,,,1.0
35,107,Undirected,0,,,1.0
35,63,Undirected,0,,,1.0
35,23,Undirected,0,,,1.0
35,67,Undirected,0,,,1.0
35,22,Undirected,0,,,1.0
35,7,Undirected,0,,,1.0
35,73,Undirected,0,,,1.0
36,95,Undirected,0,,,1.0
36,104,Undirected,0,,,1.0
36,85,Undirected,0,,,1.0
36,28,Undirected,0,,,1.0
36,111,Undirected,0,,,1.0
36,89,Undirected,0,,,1.0
36,19,Undirected,0,,,1.0
36,60,Undirected,0,,,1.0
36,66,Undirected,0,,,1.0
36,38,Undirected,0,,,1.0
37,36,Undirected,0,,,1.0
37,39,Undirected,0,,,1.0
37,110,Undirected,0,,,1.0
37,95,Undirected,0,,,1.0
37,35,Undirected,0,,,1.0
37,73,Undirected,0,,,1.0
37,29,Undirected,0,,,1.0
37,54,Undirected,0,,,1.0
37,59,Undirected,0,,,1.0
37,22,Undirected,0,,,1.0
38,83,Undirected,0,,,1.0
38,104,Undirected,0,,,1.0
38,64,Undirected,0,,,1.0
38,53,Undirected,0,,,1.0
38,78,Undirected,0,,,1.0
38,90,Undirected,0,,,1.0
38,41,Undirected,0,,,1.0
38,19,Undirected,0,,,1.0
38,61,Undirected,0,,,1.0
38,26,Undirected,0,,,1.0
39,64,Undirected,0,,,1.0
39,95,Undirected,0,,,1.0
39,34,Undirected,0,,,1.0
39,26,Undirected,0,,,1.0
39,89,Undirected,0,,,1.0
39,92,Undirected,0,,,1.0
39,54,Undirected,0,,,1.0
39,104,Undirected,0,,,1.0
39,61,Undirected,0,,,1.0
39,57,Undirected,0,,,1.0
40,77,Undirected,0,,,1.0
40,107,Undirected,0,,,1.0
40,58,Undirected,0,,,1.0
40,5,Undirected,0,,,1.0
40,87,Undirected,0,,,1.0
40,65,Undirected,0,,,1.0
40,78,Undirected,0,,,1.0
40,39,Undirected,0,,,1.0
40,16,Undirected,0,,,1.0
40,62,Undirected,0,,,1.0
41,54,Undirected,0,,,1.0
41,104,Undirected,0,,,1.0
41,66,Undirected,0,,,1.0
41,48,Undirected,0,,,1.0
41,85,Undirected,0,,,1.0
41,61,Undirected,0,,,1.0
41,19,Undirected,0,,,1.0
41,78,Undirected,0,,,1.0
41,60,Undirected,0,,,1.0
41,83,Undirected,0,,,1.0
42,49,Undirected,0,,,1.0
42,55,Undirected,0,,,1.0
42,72,Undirected,0,,,1.0
42,51,Undirected,0,,,1.0
42,96,Undirected,0,,,1.0
42,79,Undirected,0,,,1.0
42,74,Undirected,0,,,1.0
42,68,Undirected,0,,,1.0
42,81,Undirected,0,,,1.0
42,98,Undirected,0,,,1.0
43,45,Undirected,0,,,1.0
43,68,Undirected,0,,,1.0
43,67,Undirected,0,,,1.0
43,51,Undirected,0,,,1.0
43,56,Undirected,0,,,1.0
43,80,Undirected,0,,,1.0
43,55,Undirected,0,,,1.0
43,50,Undirected,0,,,1.0
43,79,Undirected,0,,,1.0
43,49,Undirected,0,,,1.0
44,80,Undirected,0,,,1.0
44,49,Undirected,0,,,1.0
44,31,Undirected,0,,,1.0
44,52,Undirected,0,,,1.0
44,96,Undirected,0,,,1.0
44,69,Undirected,0,,,1.0
44,20,Undirected,0,,,1.0
44,25,Undirected,0,,,1.0
44,6,Undirected,0,,,1.0
44,42,Undirected,0,,,1.0
45,43,Undirected,0,,,1.0
45,68,Undirected,0,,,1.0
45,67,Undirected,0,,,1.0
45,49,Undirected,0,,,1.0
45,25,Undirected,0,,,1.0
45,79,Undirected,0,,,1.0
45,69,Undirected,0,,,1.0
45,20,Undirected,0,,,1.0
45,42,Undirected,0,,,1.0
45,96,Undirected,0,,,1.0
46,105,Undirected,0,,,1.0
46,18,Undirected,0,,,1.0
46,57,Undirected,0,,,1.0
46,34,Undirected,0,,,1.0
46,62,Undirected,0,,,1.0
46,39,Undirected,0,,,1.0
46,21,Undirected,0,,,1.0
46,67,Undirected,0,,,1.0
46,45,Undirected,0,,,1.0
46,93,Undirected,0,,,1.0
47,109,Undirected,0,,,1.0
47,51,Undirected,0,,,1.0
47,56,Undirected,0,,,1.0
47,68,Undirected,0,,,1.0
47,94,Undirected,0,,,1.0
47,33,Undirected,0,,,1.0
47,96,Undirected,0,,,1.0
47,25,Undirected,0,,,1.0
47,20,Undirected,0,,,1.0
47,67,Undirected,0,,,1.0
48,66,Undirected,0,,,1.0
48,26,Undirected,0,,,1.0
48,61,Undirected,0,,,1.0
48,41,Undirected,0,,,1.0
48,104,Undirected,0,,,1.0
48,83,Undirected,0,,,1.0
48,78,Undirected,0,,,1.0
48,95,Undirected,0,,,1.0
48,62,Undirected,0,,,1.0
48,64,Undirected,0,,,1.0
49,42,Undirected,0,,,1.0
49,55,Undirected,0,,,1.0
49,56,Undirected,0,,,1.0
49,51,Undirected,0,,,1.0
49,80,Undirected,0,,,1.0
49,98,Undirected,0,,,1.0
49,68,Undirected,0,,,1.0
49,72,Undirected,0,,,1.0
49,20,Undirected,0,,,1.0
49,45,Undirected,0,,,1.0
50,96,Undirected,0,,,1.0
50,20,Undirected,0,,,1.0
50,67,Undirected,0,,,1.0
50,79,Undirected,0,,,1.0
50,68,Undirected,0,,,1.0
50,43,Undirected,0,,,1.0
50,45,Undirected,0,,,1.0
50,47,Undirected,0,,,1.0
50,69,Undirected,0,,,1.0
50,25,Undirected,0,,,1.0
51,68,Undirected,0,,,1.0
51,56,Undirected,0,,,1.0
51,55,Undirected,0,,,1.0
51,49,Undirected,0,,,1.0
51,25,Undirected,0,,,1.0
51,42,Undirected,0,,,1.0
51,98,Undirected,0,,,1.0
51,43,Undirected,0,,,1.0
51,24,Undirected,0,,,1.0
51,47,Undirected,0,,,1.0
52,20,Undirected,0,,,1.0
52,25,Undirected,0,,,1.0
52,97,Undirected,0,,,1.0
52,96,Undirected,0,,,1.0
52,91,Undirected,0,,,1.0
52,31,Undirected,0,,,1.0
52,117,Undirected,0,,,1.0
52,109,Undirected,0,,,1.0
52,15,Undirected,0,,,1.0
52,44,Undirected,0,,,1.0
53,100,Undirected,0,,,1.0
53,104,Undirected,0,,,1.0
53,38,Undirected,0,,,1.0
53,85,Undirected,0,,,1.0
53,66,Undirected,0,,,1.0
53,61,Undirected,0,,,1.0
53,41,Undirected,0,,,1.0
53,19,Undirected,0,,,1.0
53,78,Undirected,0,,,1.0
53,64,Undirected,0,,,1.0
54,41,Undirected,0,,,1.0
54,104,Undirected,0,,,1.0
54,48,Undirected,0,,,1.0
54,89,Undirected,0,,,1.0
54,39,Undirected,0,,,1.0
54,78,Undirected,0,,,1.0
54,38,Undirected,0,,,1.0
54,22,Undirected,0,,,1.0
54,83,Undirected,0,,,1.0
54,64,Undirected,0,,,1.0
55,72,Undirected,0,,,1.0
55,49,Undirected,0,,,1.0
55,42,Undirected,0,,,1.0
55,56,Undirected,0,,,1.0
55,51,Undirected,0,,,1.0
55,20,Undirected,0,,,1.0
55,96,Undirected,0,,,1.0
55,98,Undirected,0,,,1.0
55,68,Undirected,0,,,1.0
55,79,Undirected,0,,,1.0
56,87,Undirected,0,,,1.0
56,80,Undirected,0,,,1.0
56,49,Undirected,0,,,1.0
56,51,Undirected,0,,,1.0
56,98,Undirected,0,,,1.0
56,67,Undirected,0,,,1.0
56,55,Undirected,0,,,1.0
56,68,Undirected,0,,,1.0
56,69,Undirected,0,,,1.0
56,43,Undirected,0,,,1.0
57,62,Undirected,0,,,1.0
57,34,Undirected,0,,,1.0
57,64,Undirected,0,,,1.0
57,61,Undirected,0,,,1.0
57,104,Undirected,0,,,1.0
57,78,Undirected,0,,,1.0
57,46,Undirected,0,,,1.0
57,18,Undirected,0,,,1.0
57,83,Undirected,0,,,1.0
57,85,Undirected,0,,,1.0
58,77,Undirected,0,,,1.0
58,78,Undirected,0,,,1.0
58,102,Undirected,0,,,1.0
58,40,Undirected,0,,,1.0
58,64,Undirected,0,,,1.0
58,83,Undirected,0,,,1.0
58,65,Undirected,0,,,1.0
58,107,Undirected,0,,,1.0
58,53,Undirected,0,,,1.0
58,90,Undirected,0,,,1.0
59,110,Undirected,0,,,1.0
59,63,Undirected,0,,,1.0
59,107,Undirected,0,,,1.0
59,35,Undirected,0,,,1.0
59,73,Undirected,0,,,1.0
59,29,Undirected,0,,,1.0
59,105,Undirected,0,,,1.0
59,10,Undirected,0,,,1.0
59,7,Undirected,0,,,1.0
59,50,Undirected,0,,,1.0
60,95,Undirected,0,,,1.0
60,66,Undirected,0,,,1.0
60,61,Undirected,0,,,1.0
60,104,Undirected,0,,,1.0
60,85,Undirected,0,,,1.0
60,62,Undirected,0,,,1.0
60,19,Undirected,0,,,1.0
60,34,Undirected,0,,,1.0
60,26,Undirected,0,,,1.0
60,78,Undirected,0,,,1.0
61,34,Undirected,0,,,1.0
61,64,Undirected,0,,,1.0
61,104,Undirected,0,,,1.0
61,48,Undirected,0,,,1.0
61,66,Undirected,0,,,1.0
61,41,Undirected,0,,,1.0
61,60,Undirected,0,,,1.0
61,26,Undirected,0,,,1.0
61,95,Undirected,0,,,1.0
61,90,Undirected,0,,,1.0
62,57,Undirected,0,,,1.0
62,34,Undirected,0,,,1.0
62,60,Undirected,0,,,1.0
62,95,Undirected,0,,,1.0
62,48,Undirected,0,,,1.0
62,89,Undirected,0,,,1.0
62,41,Undirected,0,,,1.0
62,66,Undirected,0,,,1.0
62,83,Undirected,0,,,1.0
62,28,Undirected,0,,,1.0
63,107,Undirected,0,,,1.0
63,73,Undirected,0,,,1.0
63,79,Undirected,0,,,1.0
63,59,Undirected,0,,,1.0
63,68,Undirected,0,,,1.0
63,110,Undirected,0,,,1.0
63,87,Undirected,0,,,1.0
63,99,Undirected,0,,,1.0
63,6,Undirected,0,,,1.0
63,69,Undirected,0,,,1.0
64,26,Undirected,0,,,1.0
64,61,Undirected,0,,,1.0
64,78,Undirected,0,,,1.0
64,104,Undirected,0,,,1.0
64,39,Undirected,0,,,1.0
64,38,Undirected,0,,,1.0
64,90,Undirected,0,,,1.0
64,57,Undirected,0,,,1.0
64,48,Undirected,0,,,1.0
64,83,Undirected,0,,,1.0
65,77,Undirected,0,,,1.0
65,39,Undirected,0,,,1.0
65,62,Undirected,0,,,1.0
65,58,Undirected,0,,,1.0
65,22,Undirected,0,,,1.0
65,14,Undirected,0,,,1.0
65,95,Undirected,0,,,1.0
65,64,Undirected,0,,,1.0
65,40,Undirected,0,,,1.0
65,57,Undirected,0,,,1.0
66,60,Undirected,0,,,1.0
66,85,Undirected,0,,,1.0
66,95,Undirected,0,,,1.0
66,104,Undirected,0,,,1.0
66,89,Undirected,0,,,1.0
66,48,Undirected,0,,,1.0
66,41,Undirected,0,,,1.0
66,61,Undirected,0,,,1.0
66,19,Undirected,0,,,1.0
66,26,Undirected,0,,,1.0
67,68,Undirected,0,,,1.0
67,56,Undirected,0,,,1.0
67,43,Undirected,0,,,1.0
67,87,Undirected,0,,,1.0
67,18,Undirected,0,,,1.0
67,80,Undirected,0,,,1.0
67,50,Undirected,0,,,1.0
67,45,Undirected,0,,,1.0
67,51,Undirected,0,,,1.0
67,69,Undirected,0,,,1.0
68,43,Undirected,0,,,1.0
68,67,Undirected,0,,,1.0
68,45,Undirected,0,,,1.0
68,51,Undirected,0,,,1.0
68,87,Undirected,0,,,1.0
68,56,Undirected,0,,,1.0
68,80,Undirected,0,,,1.0
68,24,Undirected,0,,,1.0
68,49,Undirected,0,,,1.0
68,72,Undirected,0,,,1.0
69,56,Undirected,0,,,1.0
69,80,Undirected,0,,,1.0
69,68,Undirected,0,,,1.0
69,45,Undirected,0,,,1.0
69,49,Undirected,0,,,1.0
69,99,Undirected,0,,,1.0
69,67,Undirected,0,,,1.0
69,50,Undirected,0,,,1.0
69,43,Undirected,0,,,1.0
69,96,Undirected,0,,,1.0
70,116,Undirected,0,,,1.0
70,103,Undirected,0,,,1.0
70,106,Undirected,0,,,1.0
70,114,Undirected,0,,,1.0
70,71,Undirected,0,,,1.0
70,75,Undirected,0,,,1.0
70,73,Undirected,0,,,1.0
70,112,Undirected,0,,,1.0
70,115,Undirected,0,,,1.0
70,82,Undirected,0,,,1.0
71,115,Undirected,0,,,1.0
71,116,Undirected,0,,,1.0
71,82,Undirected,0,,,1.0
71,114,Undirected,0,,,1.0
71,117,Undirected,0,,,1.0
71,97,Undirected,0,,,1.0
71,96,Undirected,0,,,1.0
71,70,Undirected,0,,,1.0
71,113,Undirected,0,,,1.0
71,103,Undirected,0,,,1.0
72,55,Undirected,0,,,1.0
72,42,Undirected,0,,,1.0
72,68,Undirected,0,,,1.0
72,49,Undirected,0,,,1.0
72,51,Undirected,0,,,1.0
72,56,Undirected,0,,,1.0
72,45,Undirected,0,,,1.0
72,43,Undirected,0,,,1.0
72,87,Undirected,0,,,1.0
72,79,Undirected,0,,,1.0
73,63,Undirected,0,,,1.0
73,7,Undirected,0,,,1.0
73,107,Undirected,0,,,1.0
73,70,Undirected,0,,,1.0
73,110,Undirected,0,,,1.0
73,116,Undirected,0,,,1.0
73,79,Undirected,0,,,1.0
73,12,Undirected,0,,,1.0
73,68,Undirected,0,,,1.0
73,59,Undirected,0,,,1.0
74,86,Undirected,0,,,1.0
74,42,Undirected,0,,,1.0
74,55,Undirected,0,,,1.0
74,84,Undirected,0,,,1.0
74,96,Undirected,0,,,1.0
74,72,Undirected,0,,,1.0
74,49,Undirected,0,,,1.0
74,20,Undirected,0,,,1.0
74,47,Undirected,0,,,1.0
74,51,Undirected,0,,,1.0
75,106,Undirected,0,,,1.0
75,116,Undirected,0,,,1.0
75,103,Undirected,0,,,1.0
75,113,Undirected,0,,,1.0
75,114,Undirected,0,,,1.0
75,82,Undirected,0,,,1.0
75,70,Undirected,0,,,1.0
75,117,Undirected,0,,,1.0
75,96,Undirected,0,,,1.0
75,115,Undirected,0,,,1.0
76,47,Undirected,0,,,1.0
76,56,Undirected,0,,,1.0
76,68,Undirected,0,,,1.0
76,45,Undirected,0,,,1.0
76,87,Undirected,0,,,1.0
76,99,Undirected,0,,,1.0
76,49,Undirected,0,,,1.0
76,67,Undirected,0,,,1.0
76,108,Undirected,0,,,1.0
76,50,Undirected,0,,,1.0
77,58,Undirected,0,,,1.0
77,102,Undirected,0,,,1.0
77,78,Undirected,0,,,1.0
77,39,Undirected,0,,,1.0
77,40,Undirected,0,,,1.0
77,104,Undirected,0,,,1.0
77,65,Undirected,0,,,1.0
77,38,Undirected,0,,,1.0
77,22,Undirected,0,,,1.0
77,53,Undirected,0,,,1.0
78,102,Undirected,0,,,1.0
78,64,Undirected,0,,,1.0
78,90,Undirected,0,,,1.0
78,38,Undirected,0,,,1.0
78,48,Undirected,0,,,1.0
78,104,Undirected,0,,,1.0
78,41,Undirected,0,,,1.0
78,60,Undirected,0,,,1.0
78,83,Undirected,0,,,1.0
78,22,Undirected,0,,,1.0
79,42,Undirected,0,,,1.0
79,107,Undirected,0,,,1.0
79,98,Undirected,0,,,1.0
79,20,Undirected,0,,,1.0
79,50,Undirected,0,,,1.0
79,55,Undirected,0,,,1.0
79,45,Undirected,0,,,1.0
79,43,Undirected,0,,,1.0
79,68,Undirected,0,,,1.0
79,99,Undirected,0,,,1.0
80,56,Undirected,0,,,1.0
80,68,Undirected,0,,,1.0
80,49,Undirected,0,,,1.0
80,67,Undirected,0,,,1.0
80,44,Undirected,0,,,1.0
80,43,Undirected,0,,,1.0
80,6,Undirected,0,,,1.0
80,69,Undirected,0,,,1.0
80,98,Undirected,0,,,1.0
80,96,Undirected,0,,,1.0
81,42,Undirected,0,,,1.0
81,96,Undirected,0,,,1.0
81,20,Undirected,0,,,1.0
81,109,Undirected,0,,,1.0
81,99,Undirected,0,,,1.0
81,25,Undirected,0,,,1.0
81,51,Undirected,0,,,1.0
81,113,Undirected,0,,,1.0
81,82,Undirected,0,,,1.0
81,86,Undirected,0,,,1.0
82,117,Undirected,0,,,1.0
82,114,Undirected,0,,,1.0
82,103,Undirected,0,,,1.0
82,97,Undirected,0,,,1.0
82,113,Undirected,0,,,1.0
82,116,Undirected,0,,,1.0
82,25,Undirected,0,,,1.0
82,115,Undirected,0,,,1.0
82,96,Undirected,0,,,1.0
82,106,Undirected,0,,,1.0
83,38,Undirected,0,,,1.0
83,48,Undirected,0,,,1.0
83,104,Undirected,0,,,1.0
83,41,Undirected,0,,,1.0
83,61,Undirected,0,,,1.0
83,78,Undirected,0,,,1.0
83,64,Undirected,0,,,1.0
83,53,Undirected,0,,,1.0
83,66,Undirected,0,,,1.0
83,57,Undirected,0,,,1.0
84,109,Undirected,0,,,1.0
84,91,Undirected,0,,,1.0
84,25,Undirected,0,,,1.0
84,33,Undirected,0,,,1.0
84,96,Undirected,0,,,1.0
84,52,Undirected,0,,,1.0
84,74,Undirected,0,,,1.0
84,51,Undirected,0,,,1.0
84,117,Undirected,0,,,1.0
84,55,Undirected,0,,,1.0
85,104,Undirected,0,,,1.0
85,66,Undirected,0,,,1.0
85,41,Undirected,0,,,1.0
85,60,Undirected,0,,,1.0
85,53,Undirected,0,,,1.0
85,19,Undirected,0,,,1.0
85,36,Undirected,0,,,1.0
85,89,Undirected,0,,,1.0
85,48,Undirected,0,,,1.0
85,95,Undirected,0,,,1.0
86,74,Undirected,0,,,1.0
86,42,Undirected,0,,,1.0
86,50,Undirected,0,,,1.0
86,96,Undirected,0,,,1.0
86,20,Undirected,0,,,1.0
86,55,Undirected,0,,,1.0
86,99,Undirected,0,,,1.0
86,79,Undirected,0,,,1.0
86,25,Undirected,0,,,1.0
86,81,Undirected,0,,,1.0
87,56,Undirected,0,,,1.0
87,68,Undirected,0,,,1.0
87,67,Undirected,0,,,1.0
87,98,Undirected,0,,,1.0
87,51,Undirected,0,,,1.0
87,45,Undirected,0,,,1.0
87,80,Undirected,0,,,1.0
87,108,Undirected,0,,,1.0
87,72,Undirected,0,,,1.0
87,43,Undirected,0,,,1.0
88,79,Undirected,0,,,1.0
88,112,Undirected,0,,,1.0
88,43,Undirected,0,,,1.0
88,5,Undirected,0,,,1.0
88,68,Undirected,0,,,1.0
88,45,Undirected,0,,,1.0
88,101,Undirected,0,,,1.0
88,42,Undirected,0,,,1.0
88,63,Undirected,0,,,1.0
88,87,Undirected,0,,,1.0
89,66,Undirected,0,,,1.0
89,104,Undirected,0,,,1.0
89,39,Undirected,0,,,1.0
89,85,Undirected,0,,,1.0
89,60,Undirected,0,,,1.0
89,36,Undirected,0,,,1.0
89,64,Undirected,0,,,1.0
89,78,Undirected,0,,,1.0
89,48,Undirected,0,,,1.0
89,22,Undirected,0,,,1.0
90,27,Undirected,0,,,1.0
90,78,Undirected,0,,,1.0
90,64,Undirected,0,,,1.0
90,61,Undirected,0,,,1.0
90,38,Undirected,0,,,1.0
90,48,Undirected,0,,,1.0
90,104,Undirected,0,,,1.0
90,22,Undirected,0,,,1.0
90,60,Undirected,0,,,1.0
90,19,Undirected,0,,,1.0
91,52,Undirected,0,,,1.0
91,84,Undirected,0,,,1.0
91,109,Undirected,0,,,1.0
91,82,Undirected,0,,,1.0
91,96,Undirected,0,,,1.0
91,15,Undirected,0,,,1.0
91,117,Undirected,0,,,1.0
91,25,Undirected,0,,,1.0
91,97,Undirected,0,,,1.0
91,20,Undirected,0,,,1.0
92,39,Undirected,0,,,1.0
92,111,Undirected,0,,,1.0
92,89,Undirected,0,,,1.0
92,64,Undirected,0,,,1.0
92,28,Undirected,0,,,1.0
92,29,Undirected,0,,,1.0
92,110,Undirected,0,,,1.0
92,22,Undirected,0,,,1.0
92,70,Undirected,0,,,1.0
92,27,Undirected,0,,,1.0
93,18,Undirected,0,,,1.0
93,67,Undirected,0,,,1.0
93,80,Undirected,0,,,1.0
93,56,Undirected,0,,,1.0
93,99,Undirected,0,,,1.0
93,68,Undirected,0,,,1.0
93,69,Undirected,0,,,1.0
93,79,Undirected,0,,,1.0
93,43,Undirected,0,,,1.0
93,49,Undirected,0,,,1.0
94,47,Undirected,0,,,1.0
94,56,Undirected,0,,,1.0
94,109,Undirected,0,,,1.0
94,51,Undirected,0,,,1.0
94,68,Undirected,0,,,1.0
94,80,Undirected,0,,,1.0
94,96,Undirected,0,,,1.0
94,67,Undirected,0,,,1.0
94,18,Undirected,0,,,1.0
94,55,Undirected,0,,,1.0
95,60,Undirected,0,,,1.0
95,66,Undirected,0,,,1.0
95,34,Undirected,0,,,1.0
95,36,Undirected,0,,,1.0
95,48,Undirected,0,,,1.0
95,61,Undirected,0,,,1.0
95,30,Undirected,0,,,1.0
95,39,Undirected,0,,,1.0
95,62,Undirected,0,,,1.0
95,26,Undirected,0,,,1.0
96,20,Undirected,0,,,1.0
96,42,Undirected,0,,,1.0
96,25,Undirected,0,,,1.0
96,51,Undirected,0,,,1.0
96,52,Undirected,0,,,1.0
96,50,Undirected,0,,,1.0
96,55,Undirected,0,,,1.0
96,108,Undirected,0,,,1.0
96,56,Undirected,0,,,1.0
96,80,Undirected,0,,,1.0
97,117,Undirected,0,,,1.0
97,3,Undirected,0,,,1.0
97,0,Undirected,0,,,1.0
97,31,Undirected,0,,,1.0
97,52,Undirected,0,,,1.0
97,25,Undirected,0,,,1.0
97,82,Undirected,0,,,1.0
97,2,Undirected,0,,,1.0
97,114,Undirected,0,,,1.0
97,20,Undirected,0,,,1.0
98,56,Undirected,0,,,1.0
98,49,Undirected,0,,,1.0
98,51,Undirected,0,,,1.0
98,79,Undirected,0,,,1.0
98,68,Undirected,0,,,1.0
98,80,Undirected,0,,,1.0
98,55,Undirected,0,,,1.0
98,42,Undirected,0,,,1.0
98,108,Undirected,0,,,1.0
98,87,Undirected,0,,,1.0
99,25,Undirected,0,,,1.0
99,20,Undirected,0,,,1.0
99,96,Undirected,0,,,1.0
99,68,Undirected,0,,,1.0
99,69,Undirected,0,,,1.0
99,52,Undirected,0,,,1.0
99,79,Undirected,0,,,1.0
99,50,Undirected,0,,,1.0
99,80,Undirected,0,,,1.0
99,81,Undirected,0,,,1.0
100,53,Undirected,0,,,1.0
100,78,Undirected,0,,,1.0
100,90,Undirected,0,,,1.0
100,77,Undirected,0,,,1.0
100,19,Undirected,0,,,1.0
100,38,Undirected,0,,,1.0
100,64,Undirected,0,,,1.0
100,102,Undirected,0,,,1.0
100,27,Undirected,0,,,1.0
100,104,Undirected,0,,,1.0
101,42,Undirected,0,,,1.0
101,72,Undirected,0,,,1.0
101,68,Undirected,0,,,1.0
101,69,Undirected,0,,,1.0
101,87,Undirected,0,,,1.0
101,56,Undirected,0,,,1.0
101,74,Undirected,0,,,1.0
101,79,Undirected,0,,,1.0
101,55,Undirected,0,,,1.0
101,67,Undirected,0,,,1.0
102,78,Undirected,0,,,1.0
102,104,Undirected,0,,,1.0
102,77,Undirected,0,,,1.0
102,53,Undirected,0,,,1.0
102,38,Undirected,0,,,1.0
102,41,Undirected,0,,,1.0
102,61,Undirected,0,,,1.0
102,48,Undirected,0,,,1.0
102,22,Undirected,0,,,1.0
102,89,Undirected,0,,,1.0
103,113,Undirected,0,,,1.0
103,82,Undirected,0,,,1.0
103,117,Undirected,0,,,1.0
103,116,Undirected,0,,,1.0
103,106,Undirected,0,,,1.0
103,114,Undirected,0,,,1.0
103,96,Undirected,0,,,1.0
103,97,Undirected,0,,,1.0
103,20,Undirected,0,,,1.0
103,115,Undirected,0,,,1.0
104,85,Undirected,0,,,1.0
104,66,Undirected,0,,,1.0
104,41,Undirected,0,,,1.0
104,38,Undirected,0,,,1.0
104,61,Undirected,0,,,1.0
104,89,Undirected,0,,,1.0
104,54,Undirected,0,,,1.0
104,48,Undirected,0,,,1.0
104,53,Undirected,0,,,1.0
104,64,Undirected,0,,,1.0
105,46,Undirected,0,,,1.0
105,57,Undirected,0,,,1.0
105,110,Undirected,0,,,1.0
105,78,Undirected,0,,,1.0
105,107,Undirected,0,,,1.0
105,59,Undirected,0,,,1.0
105,54,Undirected,0,,,1.0
105,64,Undirected,0,,,1.0
105,34,Undirected,0,,,1.0
105,89,Undirected,0,,,1.0
106,116,Undirected,0,,,1.0
106,75,Undirected,0,,,1.0
106,103,Undirected,0,,,1.0
106,82,Undirected,0,,,1.0
106,113,Undirected,0,,,1.0
106,114,Undirected,0,,,1.0
106,115,Undirected,0,,,1.0
106,79,Undirected,0,,,1.0
106,96,Undirected,0,,,1.0
106,112,Undirected,0,,,1.0
107,79,Undirected,0,,,1.0
107,63,Undirected,0,,,1.0
107,59,Undirected,0,,,1.0
107,73,Undirected,0,,,1.0
107,40,Undirected,0,,,1.0
107,9,Undirected,0,,,1.0
107,110,Undirected,0,,,1.0
107,105,Undirected,0,,,1.0
107,58,Undirected,0,,,1.0
107,35,Undirected,0,,,1.0
108,17,Undirected,0,,,1.0
108,96,Undirected,0,,,1.0
108,51,Undirected,0,,,1.0
108,98,Undirected,0,,,1.0
108,20,Undirected,0,,,1.0
108,49,Undirected,0,,,1.0
108,56,Undirected,0,,,1.0
108,68,Undirected,0,,,1.0
108,42,Undirected,0,,,1.0
108,87,Undirected,0,,,1.0
109,84,Undirected,0,,,1.0
109,25,Undirected,0,,,1.0
109,47,Undirected,0,,,1.0
109,51,Undirected,0,,,1.0
109,52,Undirected,0,,,1.0
109,96,Undirected,0,,,1.0
109,20,Undirected,0,,,1.0
109,94,Undirected,0,,,1.0
109,113,Undirected,0,,,1.0
109,91,Undirected,0,,,1.0
110,59,Undirected,0,,,1.0
110,29,Undirected,0,,,1.0
110,23,Undirected,0,,,1.0
110,73,Undirected,0,,,1.0
110,35,Undirected,0,,,1.0
110,78,Undirected,0,,,1.0
110,22,Undirected,0,,,1.0
110,63,Undirected,0,,,1.0
110,107,Undirected,0,,,1.0
110,105,Undirected,0,,,1.0
111,36,Undirected,0,,,1.0
111,85,Undirected,0,,,1.0
111,89,Undirected,0,,,1.0
111,22,Undirected,0,,,1.0
111,104,Undirected,0,,,1.0
111,41,Undirected,0,,,1.0
111,64,Undirected,0,,,1.0
111,83,Undirected,0,,,1.0
111,54,Undirected,0,,,1.0
111,78,Undirected,0,,,1.0
112,116,Undirected,0,,,1.0
112,117,Undirected,0,,,1.0
112,97,Undirected,0,,,1.0
112,115,Undirected,0,,,1.0
112,106,Undirected,0,,,1.0
112,114,Undirected,0,,,1.0
112,82,Undirected,0,,,1.0
112,103,Undirected,0,,,1.0
112,71,Undirected,0,,,1.0
112,0,Undirected,0,,,1.0
113,103,Undirected,0,,,1.0
113,82,Undirected,0,,,1.0
113,117,Undirected,0,,,1.0
113,116,Undirected,0,,,1.0
113,25,Undirected,0,,,1.0
113,96,Undirected,0,,,1.0
113,109,Undirected,0,,,1.0
113,97,Undirected,0,,,1.0
113,115,Undirected,0,,,1.0
113,106,Undirected,0,,,1.0
114,82,Undirected,0,,,1.0
114,117,Undirected,0,,,1.0
114,115,Undirected,0,,,1.0
114,97,Undirected,0,,,1.0
114,116,Undirected,0,,,1.0
114,103,Undirected,0,,,1.0
114,0,Undirected,0,,,1.0
114,3,Undirected,0,,,1.0
114,71,Undirected,0,,,1.0
114,106,Undirected,0,,,1.0
115,116,Undirected,0,,,1.0
115,114,Undirected,0,,,1.0
115,71,Undirected,0,,,1.0
115,117,Undirected,0,,,1.0
115,82,Undirected,0,,,1.0
115,103,Undirected,0,,,1.0
115,113,Undirected,0,,,1.0
115,106,Undirected,0,,,1.0
115,112,Undirected,0,,,1.0
115,97,Undirected,0,,,1.0
116,106,Undirected,0,,,1.0
116,115,Undirected,0,,,1.0
116,117,Undirected,0,,,1.0
116,113,Undirected,0,,,1.0
116,114,Undirected,0,,,1.0
116,103,Undirected,0,,,1.0
116,82,Undirected,0,,,1.0
116,97,Undirected,0,,,1.0
116,112,Undirected,0,,,1.0
116,70,Undirected,0,,,1.0
117,97,Undirected,0,,,1.0
117,0,Undirected,0,,,1.0
117,3,Undirected,0,,,1.0
117,82,Undirected,0,,,1.0
117,114,Undirected,0,,,1.0
117,103,Undirected,0,,,1.0
117,31,Undirected,0,,,1.0
117,113,Undirected,0,,,1.0
117,2,Undirected,0,,,1.0
117,52,Undirected,0,,,1.0
